{
  "version": "6.9.0",
  "objects": [
    {
      "rx": 0,
      "ry": 0,
      "customId": "4f09064f-3f4b-4eaf-99b4-6e15dc3e1351",
      "selectable": true,
      "lockMovementX": false,
      "lockMovementY": false,
      "type": "Rect",
      "version": "6.9.0",
      "originX": "center",
      "originY": "center",
      "left": 398.15,
      "top": 306,
      "width": 100,
      "height": 100,
      "fill": "#000000",
      "stroke": "#000000",
      "strokeWidth": 0,
      "strokeDashArray": null,
      "strokeLineCap": "butt",
      "strokeDashOffset": 0,
      "strokeLineJoin": "miter",
      "strokeUniform": false,
      "strokeMiterLimit": 4,
      "scaleX": 5.917,
      "scaleY": 6.12,
      "angle": 0,
      "flipX": false,
      "flipY": false,
      "opacity": 1,
      "shadow": null,
      "visible": true,
      "backgroundColor": "",
      "fillRule": "nonzero",
      "paintFirst": "fill",
      "globalCompositeOperation": "source-over",
      "skewX": 0,
      "skewY": 0
    },
    {
      "fontSize": 95.21917362693821,
      "fontWeight": "bold",
      "fontFamily": "Open Sans",
      "fontStyle": "normal",
      "lineHeight": 1.16,
      "text": "Over",
      "charSpacing": 0,
      "textAlign": "left",
      "styles": [],
      "pathStartOffset": 0,
      "pathSide": "left",
      "pathAlign": "baseline",
      "underline": false,
      "overline": false,
      "linethrough": false,
      "textBackgroundColor": "",
      "direction": "ltr",
      "textDecorationThickness": 66.667,
      "customId": 1765889669802,
      "textEffect": "straight",
      "selectable": true,
      "lockMovementX": false,
      "lockMovementY": false,
      "type": "Text",
      "version": "6.9.0",
      "originX": "left",
      "originY": "top",
      "left": 284,
      "top": 28,
      "width": 206.1997,
      "height": 107.5977,
      "fill": "#ffffff",
      "stroke": null,
      "strokeWidth": 1,
      "strokeDashArray": null,
      "strokeLineCap": "butt",
      "strokeDashOffset": 0,
      "strokeLineJoin": "miter",
      "strokeUniform": false,
      "strokeMiterLimit": 4,
      "scaleX": 1,
      "scaleY": 1,
      "angle": 0,
      "flipX": false,
      "flipY": false,
      "opacity": 1,
      "shadow": null,
      "visible": true,
      "backgroundColor": "",
      "fillRule": "nonzero",
      "paintFirst": "fill",
      "globalCompositeOperation": "source-over",
      "skewX": 0,
      "skewY": 0
    },
    {
      "fontSize": 98,
      "fontWeight": "bold",
      "fontFamily": "Open Sans",
      "fontStyle": "normal",
      "lineHeight": 1.16,
      "text": "Thinking",
      "charSpacing": 0,
      "textAlign": "left",
      "styles": [],
      "pathStartOffset": 0,
      "pathSide": "left",
      "pathAlign": "baseline",
      "underline": false,
      "overline": false,
      "linethrough": false,
      "textBackgroundColor": "",
      "direction": "ltr",
      "textDecorationThickness": 66.667,
      "customId": 1765889713783,
      "textEffect": "straight",
      "selectable": true,
      "lockMovementX": false,
      "lockMovementY": false,
      "type": "Text",
      "version": "6.9.0",
      "originX": "left",
      "originY": "top",
      "left": 209,
      "top": 145,
      "width": 386.832,
      "height": 110.74,
      "fill": "#ffffff",
      "stroke": null,
      "strokeWidth": 1,
      "strokeDashArray": null,
      "strokeLineCap": "butt",
      "strokeDashOffset": 0,
      "strokeLineJoin": "miter",
      "strokeUniform": false,
      "strokeMiterLimit": 4,
      "scaleX": 1,
      "scaleY": 1,
      "angle": 0,
      "flipX": false,
      "flipY": false,
      "opacity": 1,
      "shadow": null,
      "visible": true,
      "backgroundColor": "",
      "fillRule": "nonzero",
      "paintFirst": "fill",
      "globalCompositeOperation": "source-over",
      "skewX": 0,
      "skewY": 0
    },
    {
      "fontSize": 91,
      "fontWeight": "bold",
      "fontFamily": "Open Sans",
      "fontStyle": "normal",
      "lineHeight": 1.16,
      "text": "Solves",
      "charSpacing": 0,
      "textAlign": "left",
      "styles": [],
      "pathStartOffset": 0,
      "pathSide": "left",
      "pathAlign": "baseline",
      "underline": false,
      "overline": false,
      "linethrough": false,
      "textBackgroundColor": "",
      "direction": "ltr",
      "textDecorationThickness": 66.667,
      "customId": 1765889769355,
      "textEffect": "straight",
      "selectable": true,
      "lockMovementX": false,
      "lockMovementY": false,
      "type": "Text",
      "version": "6.9.0",
      "originX": "left",
      "originY": "top",
      "left": 276,
      "top": 269,
      "width": 242.6963,
      "height": 102.83,
      "fill": "#ffffff",
      "stroke": null,
      "strokeWidth": 1,
      "strokeDashArray": null,
      "strokeLineCap": "butt",
      "strokeDashOffset": 0,
      "strokeLineJoin": "miter",
      "strokeUniform": false,
      "strokeMiterLimit": 4,
      "scaleX": 1,
      "scaleY": 1,
      "angle": 0,
      "flipX": false,
      "flipY": false,
      "opacity": 1,
      "shadow": null,
      "visible": true,
      "backgroundColor": "",
      "fillRule": "nonzero",
      "paintFirst": "fill",
      "globalCompositeOperation": "source-over",
      "skewX": 0,
      "skewY": 0
    },
    {
      "fontSize": 114,
      "fontWeight": "bold",
      "fontFamily": "Open Sans",
      "fontStyle": "normal",
      "lineHeight": 1.16,
      "text": "Nothing",
      "charSpacing": 0,
      "textAlign": "left",
      "styles": [],
      "pathStartOffset": 0,
      "pathSide": "left",
      "pathAlign": "baseline",
      "underline": false,
      "overline": false,
      "linethrough": false,
      "textBackgroundColor": "",
      "direction": "ltr",
      "textDecorationThickness": 66.667,
      "customId": 1765889794029,
      "textEffect": "straight",
      "selectable": true,
      "lockMovementX": false,
      "lockMovementY": false,
      "type": "Text",
      "version": "6.9.0",
      "originX": "left",
      "originY": "top",
      "left": 212,
      "top": 379,
      "width": 392.7656,
      "height": 128.82,
      "fill": "#ffffff",
      "stroke": null,
      "strokeWidth": 1,
      "strokeDashArray": null,
      "strokeLineCap": "butt",
      "strokeDashOffset": 0,
      "strokeLineJoin": "miter",
      "strokeUniform": false,
      "strokeMiterLimit": 4,
      "scaleX": 1,
      "scaleY": 1,
      "angle": 0,
      "flipX": false,
      "flipY": false,
      "opacity": 1,
      "shadow": null,
      "visible": true,
      "backgroundColor": "",
      "fillRule": "nonzero",
      "paintFirst": "fill",
      "globalCompositeOperation": "source-over",
      "skewX": 0,
      "skewY": 0
    },
    {
      "fontSize": 21,
      "fontWeight": "bold",
      "fontFamily": "Satisfy",
      "fontStyle": "normal",
      "lineHeight": 1.16,
      "text": "Estd  2007 ",
      "charSpacing": 0,
      "textAlign": "left",
      "styles": [],
      "pathStartOffset": 0,
      "pathSide": "left",
      "pathAlign": "baseline",
      "underline": false,
      "overline": false,
      "linethrough": false,
      "textBackgroundColor": "",
      "direction": "ltr",
      "textDecorationThickness": 66.667,
      "customId": 1765889828186,
      "textEffect": "straight",
      "selectable": true,
      "lockMovementX": false,
      "lockMovementY": false,
      "type": "Text",
      "version": "6.9.0",
      "originX": "left",
      "originY": "top",
      "left": 218,
      "top": 518,
      "width": 98.6016,
      "height": 23.73,
      "fill": "#ffffff",
      "stroke": null,
      "strokeWidth": 1,
      "strokeDashArray": null,
      "strokeLineCap": "butt",
      "strokeDashOffset": 0,
      "strokeLineJoin": "miter",
      "strokeUniform": false,
      "strokeMiterLimit": 4,
      "scaleX": 1,
      "scaleY": 1,
      "angle": 0,
      "flipX": false,
      "flipY": false,
      "opacity": 1,
      "shadow": null,
      "visible": true,
      "backgroundColor": "",
      "fillRule": "nonzero",
      "paintFirst": "fill",
      "globalCompositeOperation": "source-over",
      "skewX": 0,
      "skewY": 0
    }
  ],
  "background": "transparent"
}